{"target": 0.15227272727272212, "params": {"general_dim": 10.834044009405147, "general_length": 86.01622467210791, "model_maxn": 6.000114374817345}, "datetime": {"datetime": "2022-03-06 15:16:48", "elapsed": 0.0, "delta": 0.0}}
